"attendance_id","assignment_id","attendance_status"
6001,1,Present
6002,2,Present
6003,3,Excused
6004,4,Present
6005,5,Present
6006,6,Present
6007,7,Present
6008,8,Present
6009,9,Absent
6010,10,Present
6011,11,Absent
6012,12,Present
6013,13,Present
6014,14,Present
6015,15,Present
6016,16,Excused
6017,17,Present
6018,18,Present
6019,19,Present
6020,20,Present
6021,21,Present
6022,22,Absent
6023,23,Present
6024,24,Present
6025,25,Late
6026,26,Present
6027,27,Present
6028,28,Absent
6029,29,Present
6030,30,Absent
6031,31,Late
6032,32,Present
6033,33,Present
6034,34,Late
6035,35,Excused
6036,36,Present
6037,37,Late
6038,38,Late
6039,39,Excused
6040,40,Present
6041,41,Present
6042,42,Absent
6043,43,Present
6044,44,Present
6045,45,Present
6046,46,Absent
6047,47,Absent
6048,48,Present
6049,49,Present
6050,50,Present
6051,51,Present
6052,52,Present
6053,53,Present
6054,54,Present
6055,55,Present
6056,56,Late
6057,57,Present
6058,58,Present
6059,59,Present
6060,60,Present
6061,61,Absent
6062,62,Present
6063,63,Present
6064,64,Present
6065,65,Present
6066,66,Present
6067,67,Present
6068,68,Present
6069,69,Present
6070,70,Present
6071,71,Present
6072,72,Present
6073,73,Present
6074,74,Present
6075,75,Present
6076,76,Present
6077,77,Present
6078,78,Present
6079,79,Present
6080,80,Present
6081,81,Present
6082,82,Absent
6083,83,Present
6084,84,Present
6085,85,Present
6086,86,Late
6087,87,Present
6088,88,Present
6089,89,Present
6090,90,Present
6091,91,Present
6092,92,Present
6093,93,Absent
6094,94,Present
6095,95,Present
6096,96,Present
6097,97,Absent
6098,98,Present
6099,99,Present
6100,100,Present
6101,101,Present
6102,102,Present
6103,103,Present
6104,104,Present
6105,105,Present
6106,106,Present
6107,107,Present
6108,108,Present
6109,109,Present
6110,110,Present
6111,111,Present
6112,112,Absent
6113,113,Present
6114,114,Present
6115,115,Present
6116,116,Absent
6117,117,Present
6118,118,Present
6119,119,Present
6120,120,Present
6121,121,Absent
6122,122,Present
6123,123,Present
6124,124,Present
6125,125,Excused
6126,126,Excused
6127,127,Present
6128,128,Present
6129,129,Absent
6130,130,Present
6131,131,Present
6132,132,Present
6133,133,Present
6134,134,Present
6135,135,Present
6136,136,Late
6137,137,Present
6138,138,Present
6139,139,Present
6140,140,Present
6141,141,Absent
6142,142,Present
6143,143,Absent
6144,144,Absent
6145,145,Present
6146,146,Late
6147,147,Present
6148,148,Present
6149,149,Present
6150,150,Present
6151,151,Late
6152,152,Present
6153,153,Late
6154,154,Present
6155,155,Present
6156,156,Present
6157,157,Present
6158,158,Present
6159,159,Present
6160,160,Present
6161,161,Present
6162,162,Present
6163,163,Present
6164,164,Present
6165,165,Present
6166,166,Present
6167,167,Present
6168,168,Present
6169,169,Present
6170,170,Present
6171,171,Present
6172,172,Present
6173,173,Present
6174,174,Excused
6175,175,Present
6176,176,Absent
6177,177,Present
6178,178,Present
6179,179,Present
6180,180,Present
6181,181,Absent
6182,182,Present
6183,183,Present
6184,184,Present
6185,185,Present
6186,186,Present
6187,187,Present
6188,188,Present
6189,189,Present
6190,190,Absent
6191,191,Present
6192,192,Present
6193,193,Present
6194,194,Present
6195,195,Late
6196,196,Present
6197,197,Present
6198,198,Present
6199,199,Present
6200,200,Present
6201,201,Excused
6202,202,Present
6203,203,Present
6204,204,Present
6205,205,Present
6206,206,Present
6207,207,Present
6208,208,Present
6209,209,Present
6210,210,Present
6211,211,Present
6212,212,Present
6213,213,Present
6214,214,Present
6215,215,Present
6216,216,Late
6217,217,Present
6218,218,Late
6219,219,Late
6220,220,Present
6221,221,Present
6222,222,Present
6223,223,Present
6224,224,Present
6225,225,Present
6226,226,Present
6227,227,Excused
6228,228,Absent
6229,229,Present
6230,230,Present
6231,231,Present
6232,232,Present
6233,233,Late
6234,234,Absent
6235,235,Present
6236,236,Present
6237,237,Present
6238,238,Absent
6239,239,Present
6240,240,Present
6241,241,Present
6242,242,Present
6243,243,Present
6244,244,Present
6245,245,Present
6246,246,Absent
6247,247,Absent
6248,248,Present
6249,249,Present
6250,250,Present
6251,251,Present
6252,252,Present
6253,253,Present
6254,254,Present
6255,255,Present
6256,256,Absent
6257,257,Present
6258,258,Present
6259,259,Present
6260,260,Present
6261,261,Absent
6262,262,Present
6263,263,Absent
6264,264,Present
6265,265,Present
6266,266,Absent
6267,267,Present
6268,268,Present
6269,269,Present
6270,270,Present
6271,271,Present
6272,272,Present
6273,273,Present
6274,274,Present
6275,275,Present
6276,276,Present
6277,277,Present
6278,278,Present
6279,279,Present
6280,280,Present
6281,281,Present
6282,282,Present
6283,283,Present
6284,284,Absent
6285,285,Present
6286,286,Present
6287,287,Present
6288,288,Present
6289,289,Late
6290,290,Present
6291,291,Present
6292,292,Present
6293,293,Present
6294,294,Present
6295,295,Present
6296,296,Present
6297,297,Excused
6298,298,Absent
6299,299,Present
6300,300,Late
6301,301,Present
6302,302,Present
6303,303,Present
6304,304,Present
6305,305,Present
6306,306,Absent
6307,307,Present
6308,308,Present
6309,309,Present
6310,310,Present
6311,311,Present
6312,312,Present
6313,313,Present
6314,314,Present
6315,315,Absent
6316,316,Present
6317,317,Absent
6318,318,Present
6319,319,Present
6320,320,Present
6321,321,Present
6322,322,Present
6323,323,Present
6324,324,Present
6325,325,Present
6326,326,Present
6327,327,Present
6328,328,Present
6329,329,Present
6330,330,Late
6331,331,Excused
6332,332,Excused
6333,333,Present
6334,334,Present
6335,335,Present
6336,336,Present
6337,337,Present
6338,338,Present
6339,339,Present
6340,340,Present
6341,341,Present
6342,342,Present
6343,343,Present
6344,344,Present
6345,345,Present
6346,346,Present
6347,347,Present
6348,348,Present
6349,349,Present
6350,350,Present
6351,351,Present
6352,352,Absent
6353,353,Present
6354,354,Present
6355,355,Present
6356,356,Present
6357,357,Present
6358,358,Present
6359,359,Present
6360,360,Present
6361,361,Present
6362,362,Present
6363,363,Present
6364,364,Present
6365,365,Present
6366,366,Present
6367,367,Present
6368,368,Present
6369,369,Present
6370,370,Present
6371,371,Present
6372,372,Present
6373,373,Present
6374,374,Present
6375,375,Present
6376,376,Present
6377,377,Present
6378,378,Present
6379,379,Present
6380,380,Absent
6381,381,Present
6382,382,Present
6383,383,Present
6384,384,Present
6385,385,Present
6386,386,Present
6387,387,Present
6388,388,Late
6389,389,Present
6390,390,Late
6391,391,Late
6392,392,Present
6393,393,Present
6394,394,Present
6395,395,Late
6396,396,Present
6397,397,Present
6398,398,Absent
6399,399,Present
6400,400,Present
6401,401,Present
6402,402,Present
6403,403,Present
6404,404,Absent
6405,405,Late
6406,406,Present
6407,407,Present
6408,408,Late
6409,409,Present
6410,410,Present
6411,411,Present
6412,412,Present
6413,413,Present
6414,414,Absent
6415,415,Absent
6416,416,Present
6417,417,Present
6418,418,Present
6419,419,Present
6420,420,Present
6421,421,Present
6422,422,Present
6423,423,Absent
6424,424,Present
6425,425,Late
6426,426,Present
6427,427,Present
6428,428,Present
6429,429,Present
6430,430,Present
6431,431,Present
6432,432,Absent
6433,433,Present
6434,434,Present
6435,435,Absent
6436,436,Excused
6437,437,Absent
6438,438,Present
6439,439,Present
6440,440,Present
6441,441,Present
6442,442,Present
6443,443,Absent
6444,444,Present
6445,445,Present
6446,446,Present
6447,447,Present
6448,448,Present
6449,449,Present
6450,450,Present
6451,451,Present
6452,452,Present
6453,453,Present
6454,454,Present
6455,455,Excused
6456,456,Absent
6457,457,Present
6458,458,Present
6459,459,Present
6460,460,Present
6461,461,Present
6462,462,Present
6463,463,Present
6464,464,Late
6465,465,Present
6466,466,Present
6467,467,Present
6468,468,Excused
6469,469,Present
6470,470,Present
6471,471,Present
6472,472,Present
6473,473,Present
6474,474,Present
6475,475,Present
6476,476,Late
6477,477,Present
6478,478,Present
6479,479,Absent
6480,480,Late
6481,481,Present
6482,482,Present
6483,483,Present
6484,484,Present
6485,485,Present
6486,486,Late
6487,487,Late
6488,488,Present
6489,489,Present
6490,490,Late
6491,491,Present
6492,492,Absent
6493,493,Present
6494,494,Present
6495,495,Present
6496,496,Present
6497,497,Late
6498,498,Present
6499,499,Present
6500,500,Present
6501,501,Present
6502,502,Present
6503,503,Present
6504,504,Present
6505,505,Present
6506,506,Present
6507,507,Present
6508,508,Present
6509,509,Present
6510,510,Present
6511,511,Absent
6512,512,Present
6513,513,Present
6514,514,Present
6515,515,Late
6516,516,Late
6517,517,Present
6518,518,Absent
6519,519,Absent
6520,520,Present
6521,521,Present
6522,522,Absent
6523,523,Present
6524,524,Present
6525,525,Present
6526,526,Present
6527,527,Present
6528,528,Present
6529,529,Present
6530,530,Present
6531,531,Present
6532,532,Present
6533,533,Present
6534,534,Present
6535,535,Present
6536,536,Present
6537,537,Present
6538,538,Present
6539,539,Present
6540,540,Present
6541,541,Excused
6542,542,Present
6543,543,Present
6544,544,Absent
6545,545,Present
6546,546,Present
6547,547,Absent
6548,548,Present
6549,549,Present
6550,550,Present
6551,551,Present
6552,552,Present
6553,553,Present
6554,554,Present
6555,555,Absent
6556,556,Present
6557,557,Present
6558,558,Present
6559,559,Present
6560,560,Present
6561,561,Present
6562,562,Present
6563,563,Present
6564,564,Present
6565,565,Present
6566,566,Present
6567,567,Excused
6568,568,Present
6569,569,Late
6570,570,Present
6571,571,Present
6572,572,Absent
6573,573,Present
6574,574,Present
6575,575,Late
6576,576,Present
6577,577,Present
6578,578,Present
6579,579,Present
6580,580,Present
6581,581,Present
6582,582,Present
6583,583,Present
6584,584,Present
6585,585,Present
6586,586,Late
6587,587,Absent
6588,588,Present
6589,589,Present
6590,590,Present
6591,591,Present
6592,592,Present
6593,593,Present
6594,594,Present
6595,595,Present
6596,596,Present
6597,597,Present
6598,598,Absent
6599,599,Present
6600,600,Present
6601,601,Present
6602,602,Present
6603,603,Present
6604,604,Present
6605,605,Absent
6606,606,Present
6607,607,Late
6608,608,Present
6609,609,Present
6610,610,Late
6611,611,Present
6612,612,Late
6613,613,Present
6614,614,Present
6615,615,Present
6616,616,Present
6617,617,Present
6618,618,Late
6619,619,Present
6620,620,Excused
6621,621,Present
6622,622,Present
6623,623,Absent
6624,624,Present
6625,625,Present
6626,626,Present
6627,627,Present
6628,628,Present
6629,629,Present
6630,630,Present
6631,631,Late
6632,632,Present
6633,633,Present
6634,634,Present
6635,635,Present
6636,636,Present
6637,637,Absent
6638,638,Present
6639,639,Absent
6640,640,Present
6641,641,Present
6642,642,Present
6643,643,Present
6644,644,Present
6645,645,Present
6646,646,Present
6647,647,Present
6648,648,Present
6649,649,Present
6650,650,Present
6651,651,Present
6652,652,Present
6653,653,Present
6654,654,Present
6655,655,Present
6656,656,Present
6657,657,Present
6658,658,Present
6659,659,Present
6660,660,Present
6661,661,Present
6662,662,Present
6663,663,Late
6664,664,Present
6665,665,Present
6666,666,Present
6667,667,Present
6668,668,Present
6669,669,Present
6670,670,Present
6671,671,Present
6672,672,Late
6673,673,Excused
6674,674,Present
6675,675,Present
6676,676,Present
6677,677,Absent
6678,678,Present
6679,679,Present
6680,680,Present
6681,681,Present
6682,682,Present
6683,683,Present
6684,684,Present
6685,685,Absent
6686,686,Excused
6687,687,Present
6688,688,Present
6689,689,Present
6690,690,Present
6691,691,Present
6692,692,Present
6693,693,Present
6694,694,Present
6695,695,Present
6696,696,Excused
6697,697,Present
6698,698,Present
6699,699,Late
6700,700,Present
6701,701,Present
6702,702,Present
6703,703,Present
6704,704,Present
6705,705,Absent
6706,706,Present
6707,707,Present
6708,708,Present
6709,709,Present
6710,710,Present
6711,711,Present
6712,712,Absent
6713,713,Present
6714,714,Present
6715,715,Present
6716,716,Present
6717,717,Present
6718,718,Present
6719,719,Excused
6720,720,Present
6721,721,Present
6722,722,Present
6723,723,Absent
6724,724,Present
6725,725,Present
6726,726,Present
6727,727,Present
6728,728,Absent
6729,729,Present
6730,730,Present
6731,731,Present
6732,732,Absent
6733,733,Present
6734,734,Late
6735,735,Present
6736,736,Present
6737,737,Present
6738,738,Present
6739,739,Present
6740,740,Present
6741,741,Present
6742,742,Present
6743,743,Present
6744,744,Absent
6745,745,Present
6746,746,Present
6747,747,Late
6748,748,Present
6749,749,Present
6750,750,Present
6751,751,Present
6752,752,Absent
6753,753,Present
6754,754,Present
6755,755,Present
6756,756,Late
6757,757,Present
6758,758,Present
6759,759,Present
6760,760,Present
6761,761,Present
6762,762,Late
6763,763,Present
6764,764,Present
6765,765,Excused
6766,766,Present
6767,767,Excused
6768,768,Present
6769,769,Present
6770,770,Present
6771,771,Present
6772,772,Present
6773,773,Present
6774,774,Late
6775,775,Present
6776,776,Present
6777,777,Present
6778,778,Present
6779,779,Present
6780,780,Present
6781,781,Late
6782,782,Present
6783,783,Present
6784,784,Present
6785,785,Present
6786,786,Absent
6787,787,Present
6788,788,Present
6789,789,Present
6790,790,Present
6791,791,Present
6792,792,Present
6793,793,Present
6794,794,Present
6795,795,Present
6796,796,Present
6797,797,Present
6798,798,Present
6799,799,Late
6800,800,Absent
6801,801,Absent
6802,802,Present
6803,803,Present
6804,804,Present
6805,805,Present
6806,806,Present
6807,807,Present
6808,808,Absent
6809,809,Present
6810,810,Present
6811,811,Present
6812,812,Present
6813,813,Present
6814,814,Present
6815,815,Present
6816,816,Absent
6817,817,Present
6818,818,Excused
6819,819,Present
6820,820,Present
6821,821,Present
6822,822,Present
6823,823,Present
6824,824,Present
6825,825,Present
6826,826,Present
6827,827,Present
6828,828,Present
6829,829,Present
6830,830,Present
6831,831,Present
6832,832,Present
6833,833,Present
6834,834,Present
6835,835,Present
6836,836,Present
6837,837,Present
6838,838,Present
6839,839,Present
6840,840,Present
6841,841,Present
6842,842,Present
6843,843,Present
6844,844,Present
6845,845,Present
6846,846,Present
6847,847,Present
6848,848,Present
6849,849,Present
6850,850,Present
6851,851,Present
6852,852,Present
6853,853,Present
6854,854,Present
6855,855,Present
6856,856,Present
6857,857,Present
6858,858,Present
6859,859,Present
6860,860,Present
6861,861,Present
6862,862,Present
6863,863,Present
6864,864,Present
6865,865,Present
6866,866,Present
6867,867,Late
6868,868,Absent
6869,869,Present
6870,870,Present
6871,871,Present
6872,872,Present
6873,873,Present
6874,874,Present
6875,875,Present
6876,876,Present
6877,877,Present
6878,878,Present
6879,879,Present
6880,880,Present
6881,881,Present
6882,882,Present
6883,883,Late
6884,884,Present
6885,885,Present
6886,886,Present
6887,887,Absent
6888,888,Late
6889,889,Present
6890,890,Absent
6891,891,Present
6892,892,Absent
6893,893,Present
6894,894,Present
6895,895,Present
6896,896,Present
6897,897,Present
6898,898,Present
6899,899,Late
6900,900,Present
6901,901,Present
6902,902,Present
6903,903,Present
6904,904,Present
6905,905,Present
6906,906,Present
6907,907,Present
6908,908,Late
6909,909,Present
6910,910,Present
6911,911,Present
6912,912,Absent
6913,913,Absent
6914,914,Present
6915,915,Present
6916,916,Present
6917,917,Present
6918,918,Present
6919,919,Present
6920,920,Present
6921,921,Present
6922,922,Present
6923,923,Present
6924,924,Present
6925,925,Present
6926,926,Present
6927,927,Present
6928,928,Absent
6929,929,Present
6930,930,Present
6931,931,Present
6932,932,Present
6933,933,Absent
6934,934,Present
6935,935,Present
6936,936,Present
6937,937,Absent
6938,938,Present
6939,939,Present
6940,940,Present
6941,941,Late
6942,942,Present
6943,943,Late
6944,944,Present
6945,945,Present
6946,946,Late
6947,947,Late
6948,948,Present
6949,949,Absent
6950,950,Present
6951,951,Late
6952,952,Present
6953,953,Excused
6954,954,Excused
6955,955,Present
6956,956,Late
6957,957,Present
6958,958,Present
6959,959,Present
6960,960,Absent
6961,961,Present
6962,962,Present
6963,963,Present
6964,964,Present
6965,965,Present
6966,966,Present
6967,967,Present
6968,968,Present
6969,969,Present
6970,970,Present
6971,971,Present
6972,972,Present
6973,973,Present
6974,974,Present
6975,975,Present
6976,976,Present
6977,977,Present
6978,978,Present
6979,979,Present
6980,980,Absent
6981,981,Absent
6982,982,Absent
6983,983,Present
6984,984,Present
6985,985,Present
6986,986,Present
6987,987,Present
6988,988,Present
6989,989,Late
6990,990,Late
6991,991,Excused
6992,992,Present
6993,993,Present
6994,994,Present
6995,995,Present
6996,996,Late
6997,997,Present
6998,998,Present
6999,999,Present
7000,1000,Late
7001,1001,Present
7002,1002,Present
7003,1003,Present
7004,1004,Present
7005,1005,Present
7006,1006,Present
7007,1007,Present
7008,1008,Late
7009,1009,Present
7010,1010,Late
7011,1011,Present
7012,1012,Absent
7013,1013,Present
7014,1014,Present
7015,1015,Present
7016,1016,Absent
7017,1017,Present
7018,1018,Present
7019,1019,Present
7020,1020,Present
7021,1021,Present
7022,1022,Present
7023,1023,Present
7024,1024,Absent
7025,1025,Absent
7026,1026,Present
7027,1027,Present
7028,1028,Present
7029,1029,Present
7030,1030,Present
7031,1031,Present
7032,1032,Excused
7033,1033,Present
7034,1034,Late
7035,1035,Present
7036,1036,Absent
7037,1037,Present
7038,1038,Present
7039,1039,Late
7040,1040,Present
7041,1041,Present
7042,1042,Present
7043,1043,Present
7044,1044,Present
7045,1045,Present
7046,1046,Absent
7047,1047,Present
7048,1048,Present
7049,1049,Present
7050,1050,Present
7051,1051,Present
7052,1052,Late
7053,1053,Present
7054,1054,Present
7055,1055,Late
7056,1056,Present
7057,1057,Present
7058,1058,Present
7059,1059,Late
7060,1060,Present
7061,1061,Present
7062,1062,Present
7063,1063,Present
7064,1064,Present
7065,1065,Present
7066,1066,Present
7067,1067,Present
7068,1068,Present
7069,1069,Present
7070,1070,Present
7071,1071,Present
7072,1072,Present
7073,1073,Present
7074,1074,Present
7075,1075,Present
7076,1076,Present
7077,1077,Present
7078,1078,Absent
7079,1079,Present
7080,1080,Present
7081,1081,Present
7082,1082,Present
7083,1083,Present
7084,1084,Absent
7085,1085,Present
7086,1086,Present
7087,1087,Present
7088,1088,Present
7089,1089,Present
7090,1090,Present
7091,1091,Absent
7092,1092,Present
7093,1093,Present
7094,1094,Present
7095,1095,Late
7096,1096,Present
7097,1097,Present
7098,1098,Present
7099,1099,Present
7100,1100,Present
7101,1101,Present
7102,1102,Present
7103,1103,Present
7104,1104,Present
7105,1105,Present
7106,1106,Present
7107,1107,Present
7108,1108,Present
7109,1109,Present
7110,1110,Present
7111,1111,Present
7112,1112,Present
7113,1113,Present
7114,1114,Present
7115,1115,Present
7116,1116,Present
7117,1117,Present
7118,1118,Present
7119,1119,Late
7120,1120,Present
7121,1121,Present
7122,1122,Late
7123,1123,Present
7124,1124,Present
7125,1125,Present
7126,1126,Excused
7127,1127,Present
7128,1128,Present
7129,1129,Present
7130,1130,Present
7131,1131,Present
7132,1132,Present
7133,1133,Absent
7134,1134,Absent
7135,1135,Absent
7136,1136,Present
7137,1137,Present
7138,1138,Absent
7139,1139,Present
7140,1140,Late
7141,1141,Present
7142,1142,Present
7143,1143,Present
7144,1144,Present
7145,1145,Present
7146,1146,Present
7147,1147,Present
7148,1148,Present
7149,1149,Present
7150,1150,Late
7151,1151,Present
7152,1152,Present
7153,1153,Present
7154,1154,Present
7155,1155,Absent
7156,1156,Present
7157,1157,Present
7158,1158,Excused
7159,1159,Late
7160,1160,Late
7161,1161,Present
7162,1162,Present
7163,1163,Present
7164,1164,Present
7165,1165,Present
7166,1166,Present
7167,1167,Excused
7168,1168,Present
7169,1169,Present
7170,1170,Present
7171,1171,Present
7172,1172,Present
7173,1173,Present
7174,1174,Present
7175,1175,Present
7176,1176,Present
7177,1177,Present
7178,1178,Present
7179,1179,Present
7180,1180,Late
7181,1181,Absent
7182,1182,Present
7183,1183,Present
7184,1184,Absent
7185,1185,Absent
7186,1186,Present
7187,1187,Present
7188,1188,Present
7189,1189,Present
7190,1190,Present
7191,1191,Present
7192,1192,Present
7193,1193,Present
7194,1194,Present
7195,1195,Present
7196,1196,Present
7197,1197,Present
7198,1198,Present
7199,1199,Present
7200,1200,Present
7201,1201,Present
7202,1202,Present
7203,1203,Present
7204,1204,Present
7205,1205,Present
7206,1206,Present
7207,1207,Present
7208,1208,Present
7209,1209,Present
7210,1210,Absent
7211,1211,Present
7212,1212,Present
7213,1213,Present
7214,1214,Present
7215,1215,Present
7216,1216,Present
7217,1217,Present
7218,1218,Present
7219,1219,Present
7220,1220,Present
7221,1221,Absent
7222,1222,Present
7223,1223,Present
7224,1224,Excused
7225,1225,Present
7226,1226,Absent
7227,1227,Present
7228,1228,Absent
7229,1229,Present
7230,1230,Present
7231,1231,Present
7232,1232,Present
7233,1233,Present
7234,1234,Present
7235,1235,Present
7236,1236,Present
7237,1237,Present
7238,1238,Present
7239,1239,Present
7240,1240,Present
7241,1241,Present
7242,1242,Present
7243,1243,Present
7244,1244,Excused
7245,1245,Present
7246,1246,Present
7247,1247,Present
7248,1248,Present
7249,1249,Present
7250,1250,Excused
7251,1251,Present
7252,1252,Present
7253,1253,Present
7254,1254,Present
7255,1255,Present
7256,1256,Present
7257,1257,Present
7258,1258,Present
7259,1259,Present
7260,1260,Present
7261,1261,Present
7262,1262,Present
7263,1263,Present
7264,1264,Present
7265,1265,Present
7266,1266,Present
7267,1267,Absent
7268,1268,Present
7269,1269,Present
7270,1270,Present
7271,1271,Present
7272,1272,Late
7273,1273,Present
7274,1274,Present
7275,1275,Present
7276,1276,Present
7277,1277,Present
7278,1278,Present
7279,1279,Present
7280,1280,Present
7281,1281,Present
7282,1282,Present
7283,1283,Present
7284,1284,Present
7285,1285,Present
7286,1286,Present
7287,1287,Present
7288,1288,Present
7289,1289,Present
7290,1290,Absent
7291,1291,Present
7292,1292,Absent
7293,1293,Present
7294,1294,Present
7295,1295,Absent
7296,1296,Absent
7297,1297,Present
7298,1298,Absent
7299,1299,Late
7300,1300,Present
7301,1301,Present
7302,1302,Present
7303,1303,Present
7304,1304,Present
7305,1305,Present
7306,1306,Present
7307,1307,Present
7308,1308,Present
7309,1309,Present
7310,1310,Excused
7311,1311,Present
7312,1312,Absent
7313,1313,Excused
7314,1314,Present
7315,1315,Present
7316,1316,Present
7317,1317,Absent
7318,1318,Present
7319,1319,Present
7320,1320,Present
7321,1321,Present
7322,1322,Present
7323,1323,Present
7324,1324,Present
7325,1325,Present
7326,1326,Present
7327,1327,Present
7328,1328,Present
7329,1329,Present
7330,1330,Present
7331,1331,Present
7332,1332,Present
7333,1333,Present
7334,1334,Present
7335,1335,Present
7336,1336,Present
7337,1337,Present
7338,1338,Present
7339,1339,Present
7340,1340,Present
7341,1341,Present
7342,1342,Present
7343,1343,Present
7344,1344,Present
7345,1345,Present
7346,1346,Present
7347,1347,Excused
7348,1348,Late
7349,1349,Present
7350,1350,Present
7351,1351,Present
7352,1352,Present
7353,1353,Present
7354,1354,Late
7355,1355,Present
7356,1356,Absent
7357,1357,Present
7358,1358,Present
7359,1359,Present
7360,1360,Present
7361,1361,Absent
7362,1362,Present
7363,1363,Present
7364,1364,Present
7365,1365,Present
7366,1366,Present
7367,1367,Present
7368,1368,Late
7369,1369,Present
7370,1370,Present
7371,1371,Present
7372,1372,Excused
7373,1373,Present
7374,1374,Late
7375,1375,Present
7376,1376,Present
7377,1377,Present
7378,1378,Present
7379,1379,Present
7380,1380,Present
7381,1381,Present
7382,1382,Present
7383,1383,Present
7384,1384,Present
7385,1385,Present
7386,1386,Absent
7387,1387,Present
7388,1388,Present
7389,1389,Present
7390,1390,Present
7391,1391,Present
7392,1392,Present
7393,1393,Present
7394,1394,Present
7395,1395,Present
7396,1396,Present
7397,1397,Absent
7398,1398,Present
7399,1399,Excused
7400,1400,Present
7401,1401,Present
7402,1402,Late
7403,1403,Present
7404,1404,Late
7405,1405,Present
7406,1406,Present
7407,1407,Present
7408,1408,Present
7409,1409,Present
7410,1410,Present
7411,1411,Present
7412,1412,Present
7413,1413,Present
7414,1414,Present
7415,1415,Present
7416,1416,Absent
7417,1417,Present
7418,1418,Present
7419,1419,Present
7420,1420,Present
7421,1421,Present
7422,1422,Present
7423,1423,Present
7424,1424,Present
7425,1425,Present
7426,1426,Present
7427,1427,Present
7428,1428,Present
7429,1429,Present
7430,1430,Absent
7431,1431,Present
7432,1432,Present
7433,1433,Absent
7434,1434,Late
7435,1435,Present
7436,1436,Present
7437,1437,Present
7438,1438,Absent
7439,1439,Present
7440,1440,Present
7441,1441,Present
7442,1442,Present
7443,1443,Present
7444,1444,Present
7445,1445,Present
7446,1446,Present
7447,1447,Present
7448,1448,Present
7449,1449,Absent
7450,1450,Present
7451,1451,Present
7452,1452,Excused
7453,1453,Present
7454,1454,Present
7455,1455,Present
7456,1456,Present
7457,1457,Present
7458,1458,Present
7459,1459,Present
7460,1460,Present
7461,1461,Present
7462,1462,Present
7463,1463,Present
7464,1464,Absent
7465,1465,Present
7466,1466,Absent
7467,1467,Present
7468,1468,Absent
7469,1469,Present
7470,1470,Present
7471,1471,Present
7472,1472,Present
7473,1473,Present
7474,1474,Present
7475,1475,Present
7476,1476,Present
7477,1477,Present
7478,1478,Present
7479,1479,Present
7480,1480,Present
7481,1481,Present
7482,1482,Present
7483,1483,Present
7484,1484,Present
7485,1485,Present
7486,1486,Present
7487,1487,Present
7488,1488,Present
7489,1489,Present
7490,1490,Present
7491,1491,Late
7492,1492,Present
7493,1493,Present
7494,1494,Present
7495,1495,Present
7496,1496,Present
7497,1497,Present
7498,1498,Present
7499,1499,Present
7500,1500,Present
7501,1501,Present
7502,1502,Present
7503,1503,Present
7504,1504,Present
7505,1505,Present
7506,1506,Present
7507,1507,Present
7508,1508,Present
7509,1509,Absent
7510,1510,Present
7511,1511,Present
7512,1512,Present
7513,1513,Present
7514,1514,Present
7515,1515,Present
7516,1516,Present
7517,1517,Present
7518,1518,Present
7519,1519,Present
7520,1520,Present
7521,1521,Absent
7522,1522,Present
7523,1523,Absent
7524,1524,Present
7525,1525,Present
7526,1526,Late
7527,1527,Present
7528,1528,Present
7529,1529,Present
7530,1530,Late
7531,1531,Present
7532,1532,Late
7533,1533,Present
7534,1534,Present
7535,1535,Present
7536,1536,Present
7537,1537,Present
7538,1538,Present
7539,1539,Present
7540,1540,Present
7541,1541,Present
7542,1542,Present
7543,1543,Present
7544,1544,Excused
7545,1545,Present
7546,1546,Present
7547,1547,Present
7548,1548,Present
7549,1549,Present
7550,1550,Present
7551,1551,Absent
7552,1552,Late
7553,1553,Present
7554,1554,Present
7555,1555,Present
7556,1556,Present
7557,1557,Absent
7558,1558,Present
7559,1559,Absent
7560,1560,Present
7561,1561,Present
7562,1562,Present
7563,1563,Present
7564,1564,Present
7565,1565,Present
7566,1566,Excused
7567,1567,Absent
7568,1568,Present
7569,1569,Present
7570,1570,Present
7571,1571,Present
7572,1572,Absent
7573,1573,Present
7574,1574,Present
7575,1575,Present
7576,1576,Present
7577,1577,Late
7578,1578,Present
7579,1579,Present
7580,1580,Present
7581,1581,Late
7582,1582,Present
7583,1583,Absent
7584,1584,Present
7585,1585,Present
7586,1586,Late
7587,1587,Present
7588,1588,Present
7589,1589,Present
7590,1590,Present
7591,1591,Present
7592,1592,Present
7593,1593,Present
7594,1594,Present
7595,1595,Present
7596,1596,Present
7597,1597,Present
7598,1598,Present
7599,1599,Present
7600,1600,Present
7601,1601,Present
7602,1602,Present
7603,1603,Present
7604,1604,Present
7605,1605,Excused
7606,1606,Present
7607,1607,Present
7608,1608,Present
7609,1609,Present
7610,1610,Present
7611,1611,Present
7612,1612,Present
7613,1613,Present
7614,1614,Present
7615,1615,Present
7616,1616,Present
7617,1617,Present
7618,1618,Present
7619,1619,Present
7620,1620,Present
7621,1621,Present
7622,1622,Absent
7623,1623,Late
7624,1624,Excused
7625,1625,Present
7626,1626,Present
7627,1627,Present
7628,1628,Present
7629,1629,Present
7630,1630,Present
7631,1631,Present
7632,1632,Present
7633,1633,Present
7634,1634,Late
7635,1635,Present
7636,1636,Present
7637,1637,Present
7638,1638,Present
7639,1639,Present
7640,1640,Present
7641,1641,Present
7642,1642,Present
7643,1643,Present
7644,1644,Excused
7645,1645,Present
7646,1646,Present
7647,1647,Present
7648,1648,Present
7649,1649,Absent
7650,1650,Present
7651,1651,Present
7652,1652,Present
7653,1653,Late
7654,1654,Present
7655,1655,Present
7656,1656,Present
7657,1657,Absent
7658,1658,Present
7659,1659,Present
7660,1660,Present
7661,1661,Present
7662,1662,Absent
7663,1663,Present
7664,1664,Present
7665,1665,Present
7666,1666,Present
7667,1667,Present
7668,1668,Absent
7669,1669,Present
7670,1670,Present
7671,1671,Present
7672,1672,Present
7673,1673,Present
7674,1674,Present
7675,1675,Excused
7676,1676,Present
7677,1677,Absent
7678,1678,Late
7679,1679,Present
7680,1680,Present
7681,1681,Present
7682,1682,Present
7683,1683,Present
7684,1684,Present
7685,1685,Present
7686,1686,Absent
7687,1687,Present
7688,1688,Present
7689,1689,Present
7690,1690,Present
7691,1691,Present
7692,1692,Absent
7693,1693,Present
7694,1694,Present
7695,1695,Present
7696,1696,Present
7697,1697,Present
7698,1698,Present
7699,1699,Present
7700,1700,Present
7701,1701,Present
7702,1702,Present
7703,1703,Present
7704,1704,Present
7705,1705,Present
7706,1706,Present
7707,1707,Present
7708,1708,Present
7709,1709,Excused
7710,1710,Present
7711,1711,Present
7712,1712,Present
7713,1713,Present
7714,1714,Present
7715,1715,Present
7716,1716,Present
7717,1717,Present
7718,1718,Present
7719,1719,Present
7720,1720,Present
7721,1721,Present
7722,1722,Present
7723,1723,Present
7724,1724,Excused
7725,1725,Present
7726,1726,Present
7727,1727,Present
7728,1728,Present
7729,1729,Present
7730,1730,Present
7731,1731,Present
7732,1732,Present
7733,1733,Present
7734,1734,Present
7735,1735,Absent
7736,1736,Present
7737,1737,Present
7738,1738,Present
7739,1739,Present
7740,1740,Present
7741,1741,Present
7742,1742,Present
7743,1743,Present
7744,1744,Absent
7745,1745,Present
7746,1746,Present
7747,1747,Present
7748,1748,Present
7749,1749,Present
7750,1750,Present
7751,1751,Present
7752,1752,Present
7753,1753,Present
7754,1754,Present
7755,1755,Present
7756,1756,Present
7757,1757,Present
7758,1758,Present
7759,1759,Present
7760,1760,Absent
7761,1761,Present
7762,1762,Present
7763,1763,Late
7764,1764,Absent
7765,1765,Present
7766,1766,Present
7767,1767,Present
7768,1768,Present
7769,1769,Present
7770,1770,Present
7771,1771,Present
7772,1772,Present
7773,1773,Present
7774,1774,Present
7775,1775,Present
7776,1776,Absent
7777,1777,Late
7778,1778,Present
7779,1779,Present
7780,1780,Present
7781,1781,Present
7782,1782,Present
7783,1783,Present
7784,1784,Present
7785,1785,Present
7786,1786,Present
7787,1787,Present
7788,1788,Present
7789,1789,Present
7790,1790,Present
7791,1791,Present
7792,1792,Present
7793,1793,Present
7794,1794,Present
7795,1795,Excused
7796,1796,Present
7797,1797,Present
7798,1798,Present
7799,1799,Present
7800,1800,Present
7801,1801,Present
7802,1802,Present
7803,1803,Late
7804,1804,Present
7805,1805,Present
7806,1806,Absent
7807,1807,Present
7808,1808,Present
7809,1809,Present
7810,1810,Present
7811,1811,Present
7812,1812,Present
7813,1813,Present
7814,1814,Absent
7815,1815,Present
7816,1816,Present
7817,1817,Present
7818,1818,Present
7819,1819,Present
7820,1820,Present
7821,1821,Present
7822,1822,Late
7823,1823,Absent
7824,1824,Present
7825,1825,Present
7826,1826,Present
7827,1827,Present
7828,1828,Present
7829,1829,Present
7830,1830,Present
7831,1831,Present
7832,1832,Late
7833,1833,Present
7834,1834,Excused
7835,1835,Present
7836,1836,Present
7837,1837,Present
7838,1838,Present
7839,1839,Present
7840,1840,Present
7841,1841,Present
7842,1842,Present
7843,1843,Present
7844,1844,Present
7845,1845,Present
7846,1846,Excused
7847,1847,Present
7848,1848,Present
7849,1849,Absent
7850,1850,Absent
7851,1851,Present
7852,1852,Present
7853,1853,Absent
7854,1854,Present
7855,1855,Present
7856,1856,Absent
7857,1857,Present
7858,1858,Present
7859,1859,Present
7860,1860,Present
7861,1861,Absent
7862,1862,Present
7863,1863,Present
7864,1864,Absent
7865,1865,Present
7866,1866,Late
7867,1867,Present
7868,1868,Present
7869,1869,Present
7870,1870,Present
7871,1871,Absent
7872,1872,Present
7873,1873,Present
7874,1874,Present
7875,1875,Present
7876,1876,Present
7877,1877,Present
7878,1878,Present
7879,1879,Present
7880,1880,Present
7881,1881,Present
7882,1882,Present
7883,1883,Present
7884,1884,Excused
7885,1885,Present
7886,1886,Present
7887,1887,Present
7888,1888,Present
7889,1889,Present
7890,1890,Present
7891,1891,Absent
7892,1892,Present
7893,1893,Present
7894,1894,Present
7895,1895,Present
7896,1896,Absent
7897,1897,Present
7898,1898,Present
7899,1899,Present
7900,1900,Present
7901,1901,Present
7902,1902,Present
7903,1903,Present
7904,1904,Present
7905,1905,Late
7906,1906,Present
7907,1907,Present
7908,1908,Present
7909,1909,Present
7910,1910,Present
7911,1911,Present
7912,1912,Present
7913,1913,Present
7914,1914,Late
7915,1915,Present
7916,1916,Present
7917,1917,Late
7918,1918,Present
7919,1919,Present
7920,1920,Present
7921,1921,Present
7922,1922,Present
7923,1923,Present
7924,1924,Absent
7925,1925,Absent
7926,1926,Present
7927,1927,Present
7928,1928,Present
7929,1929,Present
7930,1930,Present
7931,1931,Present
7932,1932,Present
7933,1933,Present
7934,1934,Absent
7935,1935,Present
7936,1936,Late
7937,1937,Present
7938,1938,Present
7939,1939,Present
7940,1940,Present
7941,1941,Present
7942,1942,Present
7943,1943,Present
7944,1944,Present
7945,1945,Present
7946,1946,Present
7947,1947,Present
7948,1948,Present
7949,1949,Present
7950,1950,Present
7951,1951,Present
7952,1952,Present
7953,1953,Present
7954,1954,Present
7955,1955,Present
7956,1956,Absent
7957,1957,Present
7958,1958,Present
7959,1959,Present
7960,1960,Present
7961,1961,Present
7962,1962,Present
7963,1963,Present
7964,1964,Present
7965,1965,Present
7966,1966,Present
7967,1967,Present
7968,1968,Present
7969,1969,Present
7970,1970,Present
7971,1971,Present
7972,1972,Absent
7973,1973,Present
7974,1974,Late
7975,1975,Present
7976,1976,Present
7977,1977,Present
7978,1978,Absent
7979,1979,Present
7980,1980,Present
7981,1981,Present
7982,1982,Late
7983,1983,Present
7984,1984,Present
7985,1985,Present
7986,1986,Excused
7987,1987,Present
7988,1988,Present
7989,1989,Absent
7990,1990,Present
7991,1991,Present
7992,1992,Present
7993,1993,Present
7994,1994,Present
7995,1995,Present
7996,1996,Present
7997,1997,Excused
7998,1998,Present
7999,1999,Present
8000,2000,Present
8001,2001,Present
8002,2002,Present
8003,2003,Late
8004,2004,Present
8005,2005,Present
8006,2006,Present
8007,2007,Present
8008,2008,Present
8009,2009,Absent
8010,2010,Present
8011,2011,Present
8012,2012,Present
8013,2013,Present
8014,2014,Present
8015,2015,Absent
8016,2016,Present
8017,2017,Late
8018,2018,Absent
8019,2019,Present
8020,2020,Present
8021,2021,Present
8022,2022,Present
8023,2023,Present
8024,2024,Present
8025,2025,Present
8026,2026,Present
8027,2027,Present
8028,2028,Present
8029,2029,Present
8030,2030,Present
8031,2031,Present
8032,2032,Present
8033,2033,Present
8034,2034,Present
8035,2035,Present
8036,2036,Present
8037,2037,Present
8038,2038,Present
8039,2039,Present
8040,2040,Present
8041,2041,Excused
8042,2042,Present
8043,2043,Present
8044,2044,Late
8045,2045,Present
8046,2046,Present
8047,2047,Present
8048,2048,Present
8049,2049,Present
8050,2050,Present
8051,2051,Present
8052,2052,Present
8053,2053,Present
8054,2054,Present
8055,2055,Present
8056,2056,Present
8057,2057,Present
8058,2058,Present
8059,2059,Present
8060,2060,Present
8061,2061,Present
8062,2062,Present
8063,2063,Present
8064,2064,Present
8065,2065,Present
8066,2066,Present
8067,2067,Present
8068,2068,Present
8069,2069,Present
8070,2070,Late
8071,2071,Present
8072,2072,Present
8073,2073,Present
8074,2074,Late
8075,2075,Present
8076,2076,Absent
8077,2077,Present
8078,2078,Present
8079,2079,Present
8080,2080,Present
8081,2081,Present
8082,2082,Present
8083,2083,Present
8084,2084,Present
8085,2085,Present
8086,2086,Present
8087,2087,Present
8088,2088,Present
8089,2089,Present
8090,2090,Present
8091,2091,Present
8092,2092,Present
8093,2093,Absent
8094,2094,Present
8095,2095,Late
8096,2096,Present
8097,2097,Present
8098,2098,Present
8099,2099,Present
8100,2100,Present
8101,2101,Late
8102,2102,Present
8103,2103,Present
8104,2104,Present
8105,2105,Present
8106,2106,Present
8107,2107,Present
8108,2108,Present
8109,2109,Present
8110,2110,Present
8111,2111,Present
8112,2112,Present
8113,2113,Present
8114,2114,Present
8115,2115,Late
8116,2116,Present
8117,2117,Present
8118,2118,Present
8119,2119,Present
8120,2120,Late
8121,2121,Present
8122,2122,Present
8123,2123,Present
8124,2124,Present
8125,2125,Present
8126,2126,Present
8127,2127,Present
8128,2128,Present
8129,2129,Present
8130,2130,Absent
8131,2131,Present
8132,2132,Present
8133,2133,Present
8134,2134,Present
8135,2135,Present
8136,2136,Present
8137,2137,Present
8138,2138,Present
8139,2139,Present
8140,2140,Present
8141,2141,Present
8142,2142,Present
8143,2143,Present
8144,2144,Present
8145,2145,Present
8146,2146,Present
8147,2147,Excused
8148,2148,Present
8149,2149,Present
8150,2150,Present
8151,2151,Present
8152,2152,Present
8153,2153,Present
8154,2154,Present
8155,2155,Present
8156,2156,Absent
8157,2157,Present
8158,2158,Present
8159,2159,Present
8160,2160,Present
8161,2161,Present
8162,2162,Present
8163,2163,Present
8164,2164,Present
8165,2165,Present
8166,2166,Present
8167,2167,Present
8168,2168,Present
8169,2169,Present
8170,2170,Present
8171,2171,Present
8172,2172,Present
8173,2173,Present
8174,2174,Present
8175,2175,Present
8176,2176,Excused
8177,2177,Present
8178,2178,Late
8179,2179,Present
8180,2180,Present
8181,2181,Present
8182,2182,Absent
8183,2183,Present
8184,2184,Present
8185,2185,Present
8186,2186,Present
8187,2187,Present
8188,2188,Present
8189,2189,Absent
8190,2190,Present
8191,2191,Present
8192,2192,Present
8193,2193,Present
8194,2194,Present
8195,2195,Present
8196,2196,Late
8197,2197,Late
8198,2198,Present
8199,2199,Present
8200,2200,Late
8201,2201,Present
8202,2202,Present
8203,2203,Present
8204,2204,Absent
8205,2205,Excused
8206,2206,Present
8207,2207,Absent
8208,2208,Present
8209,2209,Present
8210,2210,Present
8211,2211,Present
8212,2212,Present
8213,2213,Absent
8214,2214,Present
8215,2215,Present
8216,2216,Excused
8217,2217,Present
8218,2218,Present
8219,2219,Present
8220,2220,Late
8221,2221,Present
8222,2222,Present
8223,2223,Present
8224,2224,Late
8225,2225,Present
8226,2226,Present
8227,2227,Present
8228,2228,Excused
8229,2229,Present
8230,2230,Present
8231,2231,Excused
8232,2232,Late
8233,2233,Present
8234,2234,Present
8235,2235,Excused
8236,2236,Present
8237,2237,Present
8238,2238,Present
8239,2239,Present
8240,2240,Present
8241,2241,Present
8242,2242,Present
8243,2243,Present
8244,2244,Present
8245,2245,Absent
8246,2246,Present
8247,2247,Present
8248,2248,Present
8249,2249,Present
8250,2250,Late
8251,2251,Late
8252,2252,Present
8253,2253,Present
8254,2254,Present
8255,2255,Present
8256,2256,Absent
8257,2257,Absent
8258,2258,Present
8259,2259,Present
8260,2260,Present
8261,2261,Present
8262,2262,Present
8263,2263,Present
8264,2264,Present
8265,2265,Present
8266,2266,Present
8267,2267,Late
8268,2268,Late
8269,2269,Present
8270,2270,Present
8271,2271,Present
8272,2272,Present
8273,2273,Present
8274,2274,Present
8275,2275,Absent
8276,2276,Present
8277,2277,Present
8278,2278,Present
8279,2279,Present
8280,2280,Absent
8281,2281,Present
8282,2282,Present
8283,2283,Present
8284,2284,Present
8285,2285,Present
8286,2286,Present
8287,2287,Absent
8288,2288,Present
8289,2289,Present
8290,2290,Present
8291,2291,Present
8292,2292,Present
8293,2293,Present
8294,2294,Present
8295,2295,Present
8296,2296,Present
8297,2297,Present
8298,2298,Absent
8299,2299,Late
8300,2300,Present
8301,2301,Present
8302,2302,Present
8303,2303,Late
8304,2304,Present
8305,2305,Present
8306,2306,Present
8307,2307,Late
8308,2308,Present
8309,2309,Present
8310,2310,Absent
8311,2311,Present
8312,2312,Present
8313,2313,Present
8314,2314,Present
8315,2315,Present
8316,2316,Present
8317,2317,Present
8318,2318,Present
8319,2319,Present
8320,2320,Present
8321,2321,Present
8322,2322,Present
8323,2323,Present
8324,2324,Present
8325,2325,Present
8326,2326,Present
8327,2327,Present
8328,2328,Present
8329,2329,Present
8330,2330,Present
8331,2331,Present
8332,2332,Present
8333,2333,Present
8334,2334,Late
8335,2335,Present
8336,2336,Present
8337,2337,Present
8338,2338,Present
8339,2339,Present
8340,2340,Present
8341,2341,Present
8342,2342,Present
8343,2343,Present
8344,2344,Present
8345,2345,Present
8346,2346,Present
8347,2347,Present
8348,2348,Late
8349,2349,Present
8350,2350,Present
8351,2351,Present
8352,2352,Present
8353,2353,Present
8354,2354,Present
8355,2355,Present
8356,2356,Present
8357,2357,Present
8358,2358,Present
8359,2359,Present
8360,2360,Present
8361,2361,Absent
8362,2362,Present
8363,2363,Present
8364,2364,Late
8365,2365,Present
8366,2366,Present
8367,2367,Present
8368,2368,Absent
8369,2369,Absent
8370,2370,Absent
8371,2371,Present
8372,2372,Present
8373,2373,Late
8374,2374,Absent
8375,2375,Late
8376,2376,Present
8377,2377,Present
8378,2378,Late
8379,2379,Present
8380,2380,Absent
8381,2381,Absent
8382,2382,Present
8383,2383,Present
8384,2384,Late
8385,2385,Present
8386,2386,Present
8387,2387,Present
8388,2388,Present
8389,2389,Present
8390,2390,Present
8391,2391,Present
8392,2392,Late
8393,2393,Present
8394,2394,Present
8395,2395,Present
8396,2396,Present
8397,2397,Present
8398,2398,Present
8399,2399,Present
8400,2400,Present
8401,2401,Absent
8402,2402,Present
8403,2403,Excused
8404,2404,Absent
8405,2405,Present
8406,2406,Absent
8407,2407,Present
8408,2408,Present
8409,2409,Excused
8410,2410,Present
8411,2411,Present
8412,2412,Late
8413,2413,Late
8414,2414,Present
8415,2415,Absent
8416,2416,Present
8417,2417,Late
8418,2418,Present
8419,2419,Present
8420,2420,Present
8421,2421,Late
8422,2422,Present
8423,2423,Present
8424,2424,Present
8425,2425,Present
8426,2426,Present
8427,2427,Present
8428,2428,Excused
8429,2429,Late
8430,2430,Present
8431,2431,Absent
8432,2432,Excused
8433,2433,Present
8434,2434,Late
8435,2435,Present
8436,2436,Present
8437,2437,Present
8438,2438,Present
8439,2439,Present
8440,2440,Present
8441,2441,Present
8442,2442,Absent
8443,2443,Present
8444,2444,Present
8445,2445,Present
8446,2446,Late
8447,2447,Late
8448,2448,Present
8449,2449,Present
8450,2450,Absent
8451,2451,Present
8452,2452,Present
8453,2453,Absent
8454,2454,Present
8455,2455,Present
8456,2456,Present
8457,2457,Present
8458,2458,Present
8459,2459,Present
8460,2460,Present
8461,2461,Present
8462,2462,Late
8463,2463,Present
8464,2464,Absent
8465,2465,Absent
8466,2466,Present
8467,2467,Present
8468,2468,Present
8469,2469,Present
8470,2470,Present
8471,2471,Late
8472,2472,Late
8473,2473,Present
8474,2474,Present
8475,2475,Absent
8476,2476,Present
8477,2477,Present
8478,2478,Present
8479,2479,Present
8480,2480,Absent
8481,2481,Present
8482,2482,Present
8483,2483,Present
8484,2484,Present
8485,2485,Present
8486,2486,Present
8487,2487,Present
8488,2488,Present
8489,2489,Present
8490,2490,Present
8491,2491,Present
8492,2492,Present
8493,2493,Present
8494,2494,Present
8495,2495,Present
8496,2496,Present
8497,2497,Present
8498,2498,Present
8499,2499,Present
8500,2500,Present
8501,2501,Present
8502,2502,Present
8503,2503,Present
8504,2504,Present
8505,2505,Present
8506,2506,Present
8507,2507,Excused
8508,2508,Present
8509,2509,Present
8510,2510,Late
8511,2511,Present
8512,2512,Absent
8513,2513,Excused
8514,2514,Present
8515,2515,Present
8516,2516,Present
8517,2517,Late
8518,2518,Absent
8519,2519,Present
8520,2520,Present
8521,2521,Present
8522,2522,Present
8523,2523,Present
8524,2524,Present
8525,2525,Present
8526,2526,Absent
8527,2527,Present
8528,2528,Present
8529,2529,Absent
8530,2530,Present
8531,2531,Present
8532,2532,Present
8533,2533,Present
8534,2534,Excused
8535,2535,Late
8536,2536,Present
8537,2537,Present
8538,2538,Absent
8539,2539,Late
8540,2540,Present
8541,2541,Present
8542,2542,Present
8543,2543,Present
8544,2544,Present
8545,2545,Present
8546,2546,Present
8547,2547,Present
8548,2548,Present
8549,2549,Present
8550,2550,Present
8551,2551,Present
8552,2552,Present
8553,2553,Present
8554,2554,Late
8555,2555,Present
8556,2556,Present
8557,2557,Present
8558,2558,Present
8559,2559,Absent
8560,2560,Present
8561,2561,Present
8562,2562,Present
8563,2563,Present
8564,2564,Late
8565,2565,Late
8566,2566,Present
8567,2567,Excused
8568,2568,Absent
8569,2569,Present
8570,2570,Present
8571,2571,Present
8572,2572,Absent
8573,2573,Absent
8574,2574,Present
8575,2575,Present
8576,2576,Present
8577,2577,Present
8578,2578,Present
8579,2579,Present
8580,2580,Present
8581,2581,Present
8582,2582,Present
8583,2583,Present
8584,2584,Late
8585,2585,Present
8586,2586,Present
8587,2587,Present
8588,2588,Present
8589,2589,Present
8590,2590,Present
8591,2591,Present
8592,2592,Present
8593,2593,Late
8594,2594,Present
8595,2595,Present
8596,2596,Present
8597,2597,Present
8598,2598,Present
8599,2599,Present
8600,2600,Present
8601,2601,Present
8602,2602,Late
8603,2603,Present
8604,2604,Present
8605,2605,Present
8606,2606,Present
8607,2607,Present
8608,2608,Late
8609,2609,Excused
8610,2610,Late
8611,2611,Present
8612,2612,Present
8613,2613,Late
8614,2614,Present
8615,2615,Present
8616,2616,Present
8617,2617,Present
8618,2618,Absent
8619,2619,Present
8620,2620,Present
8621,2621,Absent
8622,2622,Present
8623,2623,Present
8624,2624,Present
8625,2625,Present
8626,2626,Present
8627,2627,Present
8628,2628,Present
8629,2629,Present
8630,2630,Present
8631,2631,Present
8632,2632,Late
8633,2633,Present
8634,2634,Present
8635,2635,Present
8636,2636,Present
8637,2637,Present
8638,2638,Present
8639,2639,Present
8640,2640,Present
8641,2641,Present
8642,2642,Present
8643,2643,Present
8644,2644,Late
8645,2645,Present
8646,2646,Present
8647,2647,Excused
8648,2648,Present
8649,2649,Present
8650,2650,Excused
8651,2651,Present
8652,2652,Present
8653,2653,Present
8654,2654,Present
8655,2655,Present
8656,2656,Present
8657,2657,Present
8658,2658,Late
8659,2659,Present
8660,2660,Present
8661,2661,Present
8662,2662,Present
8663,2663,Present
8664,2664,Present
8665,2665,Present
8666,2666,Present
8667,2667,Present
8668,2668,Late
8669,2669,Present
8670,2670,Excused
8671,2671,Present
8672,2672,Late
8673,2673,Present
8674,2674,Late
8675,2675,Present
8676,2676,Present
8677,2677,Present
8678,2678,Present
8679,2679,Present
8680,2680,Present
8681,2681,Late
8682,2682,Present
8683,2683,Present
8684,2684,Present
8685,2685,Late
8686,2686,Present
8687,2687,Present
8688,2688,Present
8689,2689,Absent
8690,2690,Present
8691,2691,Present
8692,2692,Present
8693,2693,Present
8694,2694,Present
8695,2695,Late
8696,2696,Present
8697,2697,Present
8698,2698,Present
8699,2699,Present
8700,2700,Present
8701,2701,Present
8702,2702,Present
8703,2703,Present
8704,2704,Present
8705,2705,Present
8706,2706,Present
8707,2707,Present
8708,2708,Present
8709,2709,Present
8710,2710,Present
8711,2711,Present
8712,2712,Late
8713,2713,Absent
8714,2714,Present
8715,2715,Late
8716,2716,Present
8717,2717,Present
8718,2718,Present
8719,2719,Absent
8720,2720,Present
8721,2721,Present
8722,2722,Present
8723,2723,Present
8724,2724,Present
8725,2725,Absent
8726,2726,Present
8727,2727,Excused
8728,2728,Present
8729,2729,Present
8730,2730,Late
8731,2731,Present
8732,2732,Present
8733,2733,Present
8734,2734,Present
8735,2735,Late
8736,2736,Present
8737,2737,Absent
8738,2738,Present
8739,2739,Present
8740,2740,Present
8741,2741,Present
8742,2742,Late
8743,2743,Present
8744,2744,Excused
8745,2745,Present
8746,2746,Present
8747,2747,Present
8748,2748,Present
8749,2749,Present
8750,2750,Present
8751,2751,Absent
8752,2752,Present
8753,2753,Present
8754,2754,Present
8755,2755,Present
8756,2756,Absent
8757,2757,Late
8758,2758,Present
8759,2759,Present
8760,2760,Present
8761,2761,Present
8762,2762,Late
8763,2763,Present
8764,2764,Present
8765,2765,Present
8766,2766,Present
8767,2767,Present
8768,2768,Present
8769,2769,Present
8770,2770,Present
8771,2771,Present
8772,2772,Present
8773,2773,Present
8774,2774,Present
8775,2775,Present
8776,2776,Present
8777,2777,Present
8778,2778,Present
8779,2779,Present
8780,2780,Present
8781,2781,Present
8782,2782,Present
8783,2783,Present
8784,2784,Present
8785,2785,Late
8786,2786,Present
8787,2787,Present
8788,2788,Present
8789,2789,Present
8790,2790,Present
8791,2791,Present
8792,2792,Present
8793,2793,Present
8794,2794,Present
8795,2795,Late
8796,2796,Present
8797,2797,Present
8798,2798,Present
8799,2799,Present
8800,2800,Present
8801,2801,Present
8802,2802,Present
8803,2803,Present
8804,2804,Present
8805,2805,Present
8806,2806,Present
8807,2807,Present
8808,2808,Present
8809,2809,Present
8810,2810,Present
8811,2811,Present
8812,2812,Present
8813,2813,Absent
8814,2814,Present
8815,2815,Absent
8816,2816,Present
8817,2817,Present
8818,2818,Present
8819,2819,Present
8820,2820,Present
8821,2821,Present
8822,2822,Present
8823,2823,Present
8824,2824,Present
8825,2825,Present
8826,2826,Present
8827,2827,Present
8828,2828,Present
8829,2829,Present
8830,2830,Present
8831,2831,Present
8832,2832,Absent
8833,2833,Absent
8834,2834,Present
8835,2835,Present
8836,2836,Present
8837,2837,Present
8838,2838,Present
8839,2839,Present
8840,2840,Present
8841,2841,Present
8842,2842,Present
8843,2843,Present
8844,2844,Present
8845,2845,Present
8846,2846,Absent
8847,2847,Excused
8848,2848,Present
8849,2849,Present
8850,2850,Present
8851,2851,Present
8852,2852,Present
8853,2853,Present
8854,2854,Present
8855,2855,Absent
8856,2856,Present
8857,2857,Late
8858,2858,Present
8859,2859,Late
8860,2860,Present
8861,2861,Present
8862,2862,Late
8863,2863,Excused
8864,2864,Absent
8865,2865,Absent
8866,2866,Late
8867,2867,Present
8868,2868,Present
8869,2869,Present
8870,2870,Absent
8871,2871,Present
8872,2872,Present
8873,2873,Excused
8874,2874,Present
8875,2875,Present
8876,2876,Present
8877,2877,Present
8878,2878,Absent
8879,2879,Present
8880,2880,Present
8881,2881,Present
8882,2882,Present
8883,2883,Present
8884,2884,Present
8885,2885,Present
8886,2886,Absent
8887,2887,Present
8888,2888,Present
8889,2889,Excused
8890,2890,Late
8891,2891,Present
8892,2892,Late
8893,2893,Present
8894,2894,Present
8895,2895,Present
8896,2896,Present
8897,2897,Present
8898,2898,Present
8899,2899,Present
8900,2900,Present
8901,2901,Present
8902,2902,Late
8903,2903,Present
8904,2904,Present
8905,2905,Absent
8906,2906,Present
8907,2907,Present
8908,2908,Present
8909,2909,Present
8910,2910,Present
8911,2911,Absent
8912,2912,Present
8913,2913,Present
8914,2914,Absent
8915,2915,Present
8916,2916,Present
8917,2917,Present
8918,2918,Late
8919,2919,Excused
8920,2920,Present
8921,2921,Present
8922,2922,Present
8923,2923,Present
8924,2924,Present
8925,2925,Present
8926,2926,Present
8927,2927,Absent
8928,2928,Present
8929,2929,Present
8930,2930,Present
8931,2931,Present
8932,2932,Present
8933,2933,Absent
8934,2934,Present
8935,2935,Present
8936,2936,Present
8937,2937,Present
8938,2938,Present
8939,2939,Present
8940,2940,Present
8941,2941,Present
8942,2942,Present
8943,2943,Present
8944,2944,Present
8945,2945,Present
8946,2946,Present
8947,2947,Present
8948,2948,Present
8949,2949,Present
8950,2950,Late
8951,2951,Present
8952,2952,Present
8953,2953,Present
8954,2954,Late
8955,2955,Present
8956,2956,Present
8957,2957,Present
8958,2958,Present
8959,2959,Present
8960,2960,Present
8961,2961,Present
8962,2962,Present
8963,2963,Present
8964,2964,Present
8965,2965,Present
8966,2966,Excused
8967,2967,Present
8968,2968,Absent
8969,2969,Present
8970,2970,Excused
8971,2971,Present
8972,2972,Present
8973,2973,Present
8974,2974,Absent
8975,2975,Present
8976,2976,Present
8977,2977,Present
8978,2978,Late
8979,2979,Present
8980,2980,Present
8981,2981,Present
8982,2982,Present
8983,2983,Present
8984,2984,Present
8985,2985,Present
8986,2986,Present
8987,2987,Present
8988,2988,Absent
8989,2989,Present
8990,2990,Present
8991,2991,Late
8992,2992,Late
8993,2993,Present
8994,2994,Absent
8995,2995,Absent
8996,2996,Present
8997,2997,Present
8998,2998,Present
8999,2999,Present
9000,3000,Late
